YEAR	STATE	UNSUSTAINABLE	SUSTAINABLE	TOTAL GENERATION	
2013	RI	28345559	57176.06	28402735.06	
2014	RI	27284512	230378.35	27514890.35	
2012	RI	27649914	106161	27756075	
2010	RI	25083860	143779	25227639	
2011	RI	24107231	137728	24244959	
2007	RI	16769545.16	159121	16928666.16	
2005	RI	14754240	6734	14760974	
2003	RI	11826787	107789	11934576	
1999	RI	12048453	120242	12168695	
2001	RI	11822947	106759	11929706	
2004	RI	6923399	106987	7030386	
2009	UT	45430286	1042672	46472958	
2006	RI	7612071	154822	7766893	
2000	RI	7454758	120106	7574864	
1991	UT	31721266	626965	32348231	
1995	UT	33971023	968743	34939766	
1991	DC	179814	0	179814	
1992	DC	73991	0	73991	
1993	DC	188452	0	188452	
1994	DC	274252	0	274252	
1995	DC	188862	0	188862	
1996	DC	109809	0	109809	
1997	DC	70661	0	70661	
1998	DC	243975	0	243975	
1999	DC	230003	0	230003	
2000	DC	144374	0	144374	
2001	DC	123239	0	123239	
2002	DC	261980	0	261980	
2003	DC	74144	0	74144	
2004	DC	36487	0	36487	
2005	DC	226042	0	226042	
2006	DC	81467	0	81467	
2007	DC	75251	0	75251	
2008	DC	72316	0	72316	
2009	DC	35499	0	35499	
2010	DC	199858	0	199858	
2011	DC	200873.96	0	200873.96	
2012	DC	71786.78	0	71786.78	
2013	DC	65852.08	0	65852.08	
2014	DC	67612.16	0	67612.16	
1991	DE	7831817	6315	7838132	
1992	RI	4711425	73780	4785205	
1991	RI	2843718	82101	2925819	
1993	RI	4581113	84183	4665296	
1994	RI	4646026	86894	4732920	
1995	RI	4399315	88898	4488213	
1996	RI	7615428	104608	7720036	
1994	DE	9121421	108855	9230276	
1993	DE	8908425	109255	9017680	
1997	RI	7597454	112099	7709553	
1998	RI	7554680	119831	7674511	
1995	DE	8909728	123109	9032837	
2010	DE	5489448	138197	5627645	
2002	DE	5856143	146346	6002489	
2001	DE	6650622	157062	6807684	
1996	DE	8696654	157795	8854449	
1999	DE	6682053	169685	6851738	
1992	DE	6813089	171196	6984285	
1997	DE	7044843	177792	7222635	
2003	DE	7207140	185147	7392287	
2000	DE	5801844	185607	5987451	
1998	DE	6706783	191802	6898585	
1996	NM	29939917	221373	30161290	
1994	NM	30166982	223692	30390674	
2000	NM	33792404	229616	34022020	
2010	UT	42006225	243130	42249355	
1998	NM	32078451	245618	32324069	
1991	NM	25025986	251236	25277222	
1999	NM	32268133	253723	32521856	
2001	NM	33355671	255972	33611643	
2013	DE	7498920.41	261940.59	7760861	
1997	NM	31197335	265022	31462357	
1992	NM	27800264	269174	28069438	
1995	NM	29558186	272973	29831159	
2011	UT	40563018	273132.01	40836150.01	
2002	NM	30377708	283999	30661707	
2004	DE	7565832	289721	7855553	
1993	NM	28438885	305643	28744528	
2003	NM	32382218	353435	32735653	
2014	DE	7346124.25	357459.27	7703583.52	
2009	DE	4482938	358625	4841563	
2011	DE	6224104.33	366090.47	6590194.8	
2012	DE	8259053.95	374640.05	8633694	
2001	UT	35439623	414127	35853750	
2005	DE	7643900	492668	8136568	
2005	UT	37560305	604826	38165131	
2002	HI	11012787	650283	11663070	
2008	DE	6873101	650738	7523839	
2004	NM	32287949	652412	32940361	
1992	WY	41780524	693370	42473894	
2007	DE	7764942	769221	8534163	
2001	HI	9828588	804505	10633093	
1999	AK	4985700	816608	5802308	
2004	UT	37394621	817356	38211977	
2005	HI	10698510	824295	11522805	
2003	HI	10146687	829684	10976371	
1993	WY	39939013	832341	40771354	
1991	WY	38464525	833863	39298388	
2004	HI	10548447	861956	11410403	
1995	WY	39389130	862479	40251609	
2006	DE	6271495	910684	7182179	
1998	HI	9285936	942146	10228082	
1992	HI	8890831	953630	9844461	
2012	UT	38447658.77	955301.98	39402960.75	
2006	HI	10603069	956105	11559174	
2003	WY	42666569	960033	43626602	
2000	HI	9630367	963036	10593403	
2005	NM	34171372	964270	35135642	
1999	HI	9435567	968359	10403926	
1994	WY	42028666	973619	43002285	
1991	HI	7722065	981170	8703235	
2000	AK	5154706	1001819	6156525	
1999	WV	93686688	1005908	94692596	
1996	HI	9606220	1021674	10627894	
1991	AK	4353334	1036494	5389828	
2007	HI	10493138	1040212	11533350	
1997	HI	9263871	1048376	10312247	
2008	HI	10317526	1058859	11376385	
1995	HI	9240199	1063784	10303983	
1992	AK	4232075	1066349	5298424	
2001	WV	80768945	1067780	81836725	
1993	HI	8873055	1070632	9943687	
2002	WY	42676345	1107494	43783839	
1998	AK	4713975	1114870	5828845	
1994	HI	8967655	1141247	10108902	
1997	AK	5008325	1146522	6154847	
2002	CO	44439921	1160467	45600388	
2008	AK	5598284	1176550	6774834	
2008	RI	6207504.88	1179761.12	7387266	
2010	HI	9632850	1203186	10836036	
2009	HI	9789273	1221260	11010533	
1998	WV	91598773	1223413	92822186	
2006	AK	5443137	1231060	6674197	
2003	CO	45375650	1241137	46616787	
1991	WV	72179663	1244072	73423735	
2004	CO	46609754	1259738	47869492	
2000	WV	91604581	1260595	92865176	
1999	WY	42367395	1265096	43632491	
2002	WV	93490043	1271708	94761751	
1997	WV	90251873	1277004	91528877	
1996	WY	40171078	1300918	41471996	
2007	AK	5518938	1302454	6821392	
2004	WY	43478496	1329108	44807604	
2009	AK	5364877	1337282	6702159	
2000	WY	44151410	1342870	45494280	
2001	AK	5397151	1346615	6743766	
2001	CO	45519044	1356958	46876002	
1994	WV	80070995	1358547	81429542	
2001	WY	43417248	1359690	44776938	
2011	AK	5507816.2	1363216.59	6871032.79	
2011	HI	9347960.93	1375371.98	10723332.91	
1996	AK	4748130	1380762	6128892	
1993	WV	73363841	1385323	74749164	
1995	WV	79139871	1397556	80537427	
2001	ND	28927597	1404475	30332072	
1993	AK	4312359	1408918	5721277	
2002	UT	35182961	1425042	36608003	
1998	WY	43918108	1429188	45347296	
2000	UT	35174502	1434572	36609074	
1992	WV	73714619	1445295	75159914	
2012	HI	9020100.66	1449168.01	10469268.67	
2002	AK	5315819	1451506	6767325	
2010	AK	5307523	1452053	6759576	
1993	ND	27208907	1454503	28663410	
1997	WY	39948836	1460726	41409562	
2005	AK	5106873	1469786	6576659	
2006	NM	35790093	1475532	37265625	
2007	WV	92454978	1478131	93933109	
1995	AK	4529067	1497049	6026116	
1994	AK	4466685	1499831	5966516	
2004	AK	5019481	1507236	6526717	
1996	UT	31438209	1513652	32951861	
2000	CO	42648042	1517504	44165546	
1998	CO	37343353	1538210	38881563	
2003	AK	4750420	1588312	6338732	
1996	WV	85631715	1612673	87244388	
2012	AK	5328757.69	1617661.42	6946419.11	
1999	CO	37890682	1630606	39521288	
2005	ND	30301036	1631579	31932615	
2013	AK	4864278.24	1632543.4	6496821.64	
2013	HI	8626519.66	1640532.61	10267052.27	
2004	WV	88107466	1642096	89749562	
2009	RI	6051369.87	1645454.13	7696824	
2002	ND	29658142	1648170	31306312	
1992	CO	31635824	1659666	33295490	
2007	NM	34308122	1677211	35985333	
1994	CO	33967545	1684366	35651911	
2008	WV	89431089	1692008	91123097	
2005	WV	91927388	1698897	93626285	
2003	WV	92994718	1716836	94711554	
1996	CO	35404000	1733360	37137360	
1992	ND	27029520	1737377	28766897	
2014	AK	4291935.95	1750893.68	6042829.63	
2014	HI	8437102.48	1767055.77	10204158.25	
1991	ND	25882333	1796815	27679148	
2006	WV	92010044	1805760	93815804	
2004	ND	28111699	1824407	29936106	
2003	ND	29488649	1833480	31322129	
1991	CO	30486601	1834992	32321593	
1993	UT	32218060	1840042	34058102	
2009	NM	37822994	1851345	39674339	
2005	WY	43712962	1854345	45567307	
2007	WY	43768057	1865429	45633486	
1994	ND	27242002	1913823	29155825	
2008	UT	44634159	1944604	46578763	
2006	ND	28928135	1953002	30881137	
2006	WY	43439034	1961336	45400370	
2003	OK	58660232	1966624	60626856	
2008	NM	35032829	1977008	37009837	
2007	ND	29230945	1993160	31224105	
1993	CO	32221148	2019035	34240183	
2010	NM	34179741	2071801	36251542	
1997	CO	35540677	2101884	37642561	
2003	UT	35921423	2102243	38023666	
2005	CO	47510471	2106223	49616694	
2002	OK	57063688	2119731	59183419	
2008	WY	44346609	2153839	46500448	
2007	KY	95070695	2154624	97225319	
2002	RI	4890791	2165974	7056765	
2000	ND	29132247	2178949	31311196	
1991	OK	46867579	2231538	49099117	
1995	CO	33361182	2256052	35617234	
2000	KY	90669112	2336971	93006083	
2010	WV	78441721	2347226	80788947	
1998	ND	28322113	2349838	30671951	
2000	OK	53213508	2358449	55571957	
1996	OK	49466423	2383197	51849620	
1994	IN	104796679	2385378	107182057	
2008	KY	95473720	2389620	97863340	
1997	CT	15263217	2411081	17674298	
2009	WV	68358653	2423861	70782514	
1994	UT	32768478	2428356	35196834	
2011	NM	35744647.88	2436491.42	38181139.3	
2006	CO	48208901	2489452	50698353	
1998	IN	114972350	2499175	117471525	
2001	OK	52734751	2514699	55249450	
1995	ND	26481214	2523033	29004247	
2006	OK	68076463	2538417	70614880	
1991	IN	99441328	2539971	101981299	
1999	KY	90112927	2568981	92681908	
1993	SD	2664396	2591115	5255511	
2011	WV	76404053.1	2595570.44	78999623.54	
1996	IN	107296230	2605872	109902102	
1993	IN	101023825	2611313	103635138	
1999	UT	34150879	2633749	36784628	
1999	ND	28749559	2667844	31417403	
1995	IN	106484250	2672596	109156846	
1997	IN	112047911	2680996	114728907	
2013	NM	33178361.79	2692603.39	35870965.18	
2012	KY	87246951.98	2702736.72	89949688.7	
2014	WV	78330726.73	2728849.94	81059576.67	
1992	IN	98289201	2729363	101018564	
2012	WV	70653771.13	2759633.57	73413404.7	
2012	NM	33839239.14	2796670.3	36635909.44	
1994	OK	47252350	2806422	50058772	
2003	NV	30355531	2839357	33194888	
2014	UT	40917380.73	2867145.15	43784525.88	
2014	NM	29394444.23	2911765.64	32306209.87	
2007	CO	50978090	2929402	53907492	
2004	NV	34733774	2933661	37667435	
2005	NV	37240384	2973368	40213752	
1998	UT	32918516	2991914	35910430	
2008	ND	29721271	3013308	32734579	
2010	KY	95179418	3038240	98217658	
2007	SD	3069278	3067327	6136605	
1995	OK	49599254	3068113	52667367	
2006	KY	95716024	3075990	98792014	
1997	OK	49741950	3122027	52863977	
1998	KY	87801358	3131670	90933028	
1993	KY	81842605	3155113	84997718	
2013	WV	72703828.49	3159238.15	75863066.64	
2008	SD	3912226	3170446	7082672	
1992	NV	20162951	3184592	23347543	
1996	ND	27705768	3202722	30908490	
2005	SD	3288078	3232691	6520769	
1997	UT	31472175	3240037	34712212	
1999	OK	51578942	3286417	54865359	
2008	NV	31798533	3291441	35089974	
2007	NV	29365631	3304105	32669736	
2000	IN	124502021	3317495	127819516	
1991	NV	18703178	3362026	22065204	
1997	ND	26484570	3368033	29852603	
1997	KY	88177813	3394282	91572095	
1994	NV	21122020	3395707	24517727	
2005	KY	94417850	3404569	97822419	
2006	NV	28455003	3405019	31860022	
2011	KY	94936484.86	3414497.32	98350982.18	
1995	KY	82738100	3427736	86165836	
2001	SD	3968007	3432736	7400743	
2002	NV	28649157	3439778	32088935	
1996	KY	84941235	3506261	88447496	
1993	NV	19988039	3514433	23502472	
1995	NV	20442130	3521864	23963994	
1999	IN	118238783	3525718	121764501	
1992	OK	46474916	3531532	50006448	
2009	WY	42492461	3536751	46029212	
2006	SD	3586388	3545855	7132243	
2002	IN	122059283	3548857	125608140	
2004	OK	57155277	3574283	60729560	
2013	KY	86130541.79	3610479.43	89741021.22	
1992	SD	2634404	3612010	6246414	
2003	IN	121261006	3627211	124888217	
2005	OK	64969118	3638709	68607827	
2014	KY	87254937.43	3641497.64	90896435.07	
2007	IN	126984698	3653301	130637999	
1991	KY	71847280	3657801	75505081	
2008	IN	125850633	3659661	129510294	
2005	IN	126709577	3661996	130371573	
2001	IN	118889654	3680019	122569673	
1998	OK	52539340	3689903	56229243	
2009	KY	86932308	3698119	90630427	
2001	NV	30162371	3713595	33875966	
1996	NV	21836104	3744304	25580408	
1992	UT	29488898	3748241	33237139	
2004	SD	3755027	3755187	7510214	
1992	KY	73584027	3767232	77351259	
2000	NV	31663504	3821411	35484915	
1991	SD	2744550	3828116	6572666	
2001	KY	91552565	3865061	95417626	
1993	IA	28037558	4011455	32049013	
1994	KY	80083444	4013590	84097034	
2006	IN	126474985	4014803	130489788	
2006	UT	37188815	4074509	41263324	
1997	NV	22840365	4191157	27031522	
2004	KY	90321450	4208497	94529947	
2004	IN	123534415	4235981	127770396	
1999	NV	26289548	4242583	30532131	
2003	KY	87449856	4268964	91718820	
2009	NV	33433741	4271392	37705133	
2003	SD	3623285	4320552	7943837	
2002	SD	3362262	4359696	7721958	
2009	IN	112298113	4372167	116670280	
2002	KY	87716454	4390214	92106668	
1992	IA	26072109	4424818	30496927	
2010	NV	30696652	4449596	35146248	
2009	ND	29668588	4527879	34196467	
2010	WY	43501652	4617602	48119254	
1993	VT	25587	4618178	4643765	
1993	OK	48511061	4648612	53159673	
2011	NV	27262913.52	4673004.39	31935917.91	
1998	NV	25903702	4709818	30613520	
1998	IA	33677406	4771383	38448789	
1995	IA	29955454	4797474	34752928	
1992	VT	65808	4804334	4870142	
2009	SD	3306007	4890524	8196531	
1998	VT	43122	4903175	4946297	
1996	IA	29759822	4928793	34688615	
1999	IA	33798064	5003417	38801481	
1997	IA	30361108	5057832	35418940	
2007	UT	40306226	5066349	45372575	
1991	IA	27194667	5073189	32267856	
2009	CO	45489501	5076451	50565952	
2007	OK	67742336	5076759	72819095	
2010	CO	45639047	5081745	50720792	
2013	UT	37418511.25	5098239.57	42516750.82	
2008	CO	48334133	5107461	53441594	
1994	SD	2862500	5128760	7991260	
1995	VT	20077	5139985	5160062	
1994	IA	27929167	5237839	33167006	
1991	VT	100585	5287400	5387985	
2001	IA	35360575	5297937	40658512	
1996	VT	3854	5346265	5350119	
2012	NV	29744964.61	5428298.59	35173263.2	
2001	VT	42740	5437874	5480614	
2002	VT	12681	5443509	5456190	
2004	VT	21024	5449355	5470379	
2013	WY	46988423.29	5494642.11	52483065.4	
1994	VT	12160	5604870	5617030	
2012	WY	43976534.56	5612071.65	49588606.21	
1999	VT	43269	5660324	5703593	
1997	VT	11299	5669239	5680538	
2014	WY	44010895.66	5685287.7	49696183.36	
2005	VT	12419	5704336	5716755	
2000	SD	3981829	5715508	9697337	
1998	CT	13938797	5752695	19691492	
1998	SD	3331390	5757600	9088990	
2007	VT	9700	5813882	5823582	
1991	KS	26761521	5869222	32630743	
2003	IA	36234177	5882015	42116192	
2000	IA	35602734	5939276	41542010	
2003	VT	24636	6003326	6027962	
1995	SD	2801922	6009871	8811793	
2000	VT	151670	6151344	6303014	
2011	WY	41475829.27	6162641.56	47638470.83	
1994	MA	31738464	6200600	37939064	
2008	OK	70111620	6217288	76328908	
2010	ND	28516613	6222929	34739542	
2010	IN	118957199	6223540	125180739	
2009	OK	68699869	6366940	75066809	
2013	NV	30040076.74	6403796.85	36443873.59	
2014	NV	29524248.62	6476288.38	36000537	
1993	MA	30572354	6506854	37079208	
2002	IA	35990641	6537743	42528384	
1991	MA	34475280	6544511	41019791	
2012	VT	5958.52	6563711.59	6569670.11	
1995	MA	31084768	6569713	37654481	
2011	IN	115549196.2	6582217.75	122131414	
2010	SD	3439086	6610550	10049636	
2010	VT	8292	6611698	6619990	
1999	SD	3879724	6677303	10557027	
2001	MT	17553586	6678899	24232485	
2013	SD	3358578.5	6750308	10108886.5	
2011	VT	11435.2	6764783.61	6776218.81	
2008	VT	6921	6813295	6820216	
2010	OK	65434908	6815825	72250733	
1992	MA	33270410	6817245	40087655	
2012	IN	107877861.9	6817867.42	114695729.3	
2013	VT	8132.59	6876777.41	6884910	
2001	ME	12682883	6881938	19564821	
2014	IN	108483629.1	6911762.64	115395391.8	
1997	MA	37965043	7000285	44965328	
2014	VT	7937.58	7023456.39	7031393.97	
2004	IA	36205522	7042667	43248189	
1999	MA	33516196	7059196	40575392	
2007	MA	40000994	7074981	47075975	
2006	VT	9246	7075098	7084344	
2013	IN	103276487.4	7126989.76	110403477.1	
1995	ME	2580042	7183009	9763051	
2002	ME	15337386	7197647	22535033	
2001	MA	31259909	7218525	38478434	
1997	ME	3100876	7232530	10333406	
2003	ME	11734785	7236850	18971635	
1998	ME	3736894	7266423	11003317	
2011	CO	44163208.25	7269346.04	51432554.29	
2005	IA	36882772	7273388	44156160	
2011	OK	67331195.54	7274518.07	74605713.61	
2009	VT	6870	7275478	7282348	
2013	MA	25606427.68	7278593	32885020.68	
1992	ID	184233	7278771	7463004	
1999	ME	5286563	7387366	12673929	
2013	ND	27565150.66	7456522.07	35021672.73	
2012	CO	45056510.31	7500190.79	52556701.1	
2000	ME	6491517	7556430	14047947	
2004	ME	11503510	7595375	19098885	
1997	WI	43811588	7602420	51414008	
2003	MA	40779459	7605565	48385024	
1994	NE	14316586	7666545	21983131	
1993	NE	14948311	7812546	22760857	
2014	SD	3160732.5	7834507.26	10995239.76	
2002	MA	34172131	7855687	42027818	
2012	ND	28269215.25	7855943.61	36125158.86	
2011	MA	30194982.03	7859838.48	38054820.51	
2001	ID	1481293	7865648	9346941	
1993	KS	28837981	7904586	36742567	
2011	ND	27170947.48	7908952.62	35079900.1	
1996	MA	30027162	7926858	37954020	
1996	SD	2088604	7977670	10066274	
2009	MA	30913024	8053627	38966651	
2000	MA	30624013	8073868	38697881	
2005	MA	39429457	8085986	47515443	
1996	KS	31726319	8215837	39942156	
1994	MT	16902737	8250112	25152849	
2008	MA	34251121	8254357	42505478	
2012	ME	6172718.39	8255877.52	14428595.91	
2007	ME	7868548	8260019	16128567	
2010	ME	8733099	8285561	17018660	
1998	MA	37355952	8327664	45683616	
1992	MT	17505358	8394287	25899645	
2007	IA	41388360	8400857	49789217	
2012	NE	25811898.8	8405393.77	34217292.57	
1997	KS	29473149	8444336	37917485	
2004	MA	39031241	8469242	47500483	
2006	IA	37013529	8469933	45483462	
2009	ME	7860973	8488876	16349849	
1992	KS	23577954	8500539	32078493	
2005	ME	10340115	8503863	18843978	
2013	CO	44422433.66	8515002.25	52937435.91	
2014	ME	4728617.29	8520092.6	13248709.89	
1994	ID	197164	8529633	8726797	
1994	KS	29080958	8538911	37619869	
2006	ME	8214053	8602120	16816173	
2010	MA	34183378	8621446	42804824	
1994	NH	4716819	8745680	13462499	
2003	MT	17476267	8792459	26268726	
2012	MS	45778948.26	8805346.74	54584295	
2014	ND	27654500.43	8808007.24	36462507.67	
2014	MA	22297437.36	8821153.96	31118591.32	
2006	MA	36773263	8824512	45597775	
2008	ME	8264399	8830520	17094919	
2013	ME	5175267.51	8854770.1	14030037.61	
2011	ME	7109562.45	8864125.61	15973688.06	
2012	SD	3138575	8895631	12034206	
1996	CT	11286922	8924476	20211398	
1995	NE	16376526	8927774	25304300	
2004	MT	17847318	8941450	26788768	
2003	ID	1465226	8957709	10422935	
1997	SD	3437241	9012260	12449501	
2004	ID	1803162	9059877	10863039	
2003	NE	21384103	9071881	30455984	
2000	KS	35739739	9076166	44815905	
1991	NE	13908014	9092333	23000347	
2005	ID	1692466	9132518	10824984	
1999	KS	32901244	9168986	42070230	
2012	MA	26983796.46	9214325.03	36198121.49	
2005	KS	36604591	9258105	45862696	
2003	KS	37299518	9268042	46567560	
2011	SD	2722421.5	9276464	11998885.5	
2001	MO	70259930	9284943	79544873	
1991	ID	123963	9304656	9428619	
2014	CO	44508589.19	9338796.72	53847385.91	
2005	MO	81471678	9356552	90828230	
2002	ID	419726	9367207	9786933	
1991	NH	4760228	9461113	14221341	
2002	KS	37667319	9521127	47188446	
1992	MO	47418092	9533581	56951673	
2004	MO	78084567	9548343	87632910	
2012	OK	68337001.87	9559586.24	77896588.11	
2002	MT	15824166	9649539	25473705	
2002	MO	71508300	9653898	81162198	
2003	OH	136972874	9665254	146638128	
2011	NE	26428344.51	9666706.49	36095051	
2005	MT	18265153	9673625	27938778	
2000	MT	16747337	9704491	26451828	
1993	MT	14139847	9733007	23872854	
2007	ID	1740953	9743138	11484091	
2005	NE	21652159	9812575	31464734	
1992	NE	12595149	9830349	22425498	
1993	MS	16085401	9856125	25941526	
2013	NE	27246307.03	9858320.74	37104627.77	
1999	MS	24979789	9865183	34844972	
2001	NE	20615626	9869586	30485212	
1995	MS	19083902	9896959	28980861	
1998	NE	18837561	9959230	28796791	
2007	MT	18941426	9990067	28931493	
1995	KS	28347288	10073417	38420705	
2008	NE	22272915	10100607	32373522	
1995	MO	55600121	10120837	65720958	
2000	NE	18963946	10145917	29109863	
1992	MS	12985175	10149788	23134963	
1996	MO	57957624	10164904	68122528	
2008	ID	1790122	10180431	11970553	
2006	NE	21460666	10209303	31669969	
2003	MO	76993048	10232039	87225087	
2010	ID	1777584	10246980	12024564	
2008	KS	36363175	10267146	46630321	
2009	NE	23684230	10317662	34001892	
1993	ID	196467	10336966	10533433	
2006	KS	35171928	10351808	45523736	
2008	IA	42734425	10352361	53086786	
1999	MO	63427278	10388432	73815710	
2001	KS	34336478	10412045	44748523	
1998	KS	31163085	10422143	41585228	
2006	MO	81240055	10446288	91686343	
2000	NH	4575747	10455752	15031499	
1992	NH	4657362	10459891	15117253	
2000	MO	66111416	10482523	76593939	
1997	MO	60888212	10485973	71374185	
2004	KS	36278743	10503916	46782659	
2009	MT	16179474	10533261	26712735	
1998	MS	23781737	10627319	34409056	
2006	MT	17571784	10671752	28243536	
1997	NH	5193941	10686282	15880223	
1993	OH	124513366	10723926	135237292	
2010	MT	19066247	10724934	29791181	
2001	NH	4306602	10768022	15074624	
1995	NH	4633548	10800831	15434379	
1995	MT	15150939	10810375	25961314	
2008	MT	18816341	10820796	29637137	
2008	MS	37367110	10838601	48205711	
1996	MS	20429029	10848253	31277282	
1998	MO	64312807	10874539	75187346	
2007	MS	39141868	10901818	50043686	
2012	NH	8339070.7	10925364.22	19264434.92	
1997	NE	17490997	10958270	28449267	
1991	MS	14905389	10971227	25876616	
2007	MO	80123934	11029147	91153081	
2002	MS	31854842	11033970	42888812	
1991	MO	49423838	11050888	60474726	
2013	MO	80569920.73	11056672.2	91626592.93	
1996	NE	16280842	11070267	27351109	
1998	NH	4990228	11098625	16088853	
2011	KS	34247475.12	11112365	45359840.12	
2011	NH	8943278.37	11122662.63	20065941	
2010	MS	43329419	11157841	54487260	
1998	MT	17267293	11193225	28460518	
1999	NH	4974731	11214516	16189247	
2004	NE	20776343	11232366	32008709	
2002	NE	20377594	11240900	31618494	
2014	MO	76560161.84	11274306.37	87834468.21	
2001	MS	42090307	11356145	53446452	
2002	NH	4592464	11360614	15953078	
2009	ID	1726201	11373951	13100152	
1994	MS	17294513	11375985	28670498	
1991	MD	28431640	11419244	39850884	
2003	NH	10133295	11463812	21597107	
1993	MO	42059212	11493757	53552969	
2007	KS	38590021	11532175	50122196	
2000	ID	376676	11533766	11910442	
2005	MS	33440798	11626655	45067453	
1995	ID	215383	11629222	11844605	
2009	KS	35032695	11644613	46677308	
1993	NH	4579317	11663443	16242760	
2007	NE	20775698	11667001	32442699	
2013	ID	3483565.97	11702562.24	15186128.21	
2013	MT	15956828.94	11730497.37	27687326.31	
2006	NH	10331232	11732463	22063695	
2009	NH	8411106	11753016	20164122	
2014	MS	43362616.15	11764475.51	55127091.66	
2004	MS	31873112	11789501	43662613	
1994	OH	119965637	11797973	131763610	
1999	NE	18229427	11826324	30055751	
2011	MS	39725060.46	11845882.18	51570942.64	
1994	MO	50020136	11857542	61877678	
2011	MO	82943884.05	11932512.65	94876396.7	
2003	MS	28191692	11956586	40148278	
2002	OH	135108839	11960011	147068850	
2006	ID	1380841	12005244	13386085	
2006	MS	34209891	12018956	46228847	
1991	MT	16484518	12068630	28553148	
1996	NJ	25607288	12109295	37716583	
2008	NH	10660402	12216590	22876992	
2008	MO	78785218	12243577	91028795	
2005	NH	12214866	12255147	24470013	
1993	TN	61626655	12257544	73884199	
2013	MS	40492165.73	12318098.16	52810263.89	
2000	MS	25239704	12374859	37614563	
1997	MS	21244881	12434071	33678952	
2004	NH	11436292	12439495	23875787	
1998	WI	43999763	12447668	56447431	
2010	MO	79862990	12449999	92312989	
2009	MS	36241562	12459922	48701484	
2014	ID	2630209.99	12554206.51	15184416.5	
1996	ME	2173606	12760767	14934373	
2012	MO	79019935.74	12784384.86	91804320.6	
1996	NH	4207538	12856111	17063649	
2010	NE	23768660	12861346	36630006	
2012	MT	14918362.69	12886420.93	27804783.62	
1992	ME	2771613	12911931	15683544	
2005	WI	48862617	12962047	61824664	
2010	KS	34895486	13028276	47923762	
1997	MN	30211856	13028439	43240295	
1993	ME	2422139	13192133	15614272	
2007	NH	10066225	13210946	23277171	
2009	IA	38620904	13239159	51860063	
2009	MO	75114990	13239282	88354272	
1992	MN	26995812	13263072	40258884	
1997	MT	15101262	13485684	28586946	
1992	MD	27677523	13499836	41177359	
1998	ID	385897	13522776	13908673	
2012	ID	1974923.44	13524165.87	15499089.31	
2012	KS	30876714.42	13547976.35	44424690.77	
2014	NH	5986740.01	13551654.97	19538394.98	
2014	OK	56559920.1	13595584.2	70155504.3	
2013	OK	60065657.36	13608022.9	73673680.26	
2010	NH	8519160	13676752	22195912	
2014	MT	16523238.2	13734377.88	30257616.08	
1991	CT	13198507	13837960	27036467	
1996	MT	12962703	13874722	26837425	
1996	ID	199196	13890612	14089808	
1994	ME	2558525	13897625	16456150	
1999	MT	17516720	13902614	31419334	
1996	WI	40475433	13942304	54417737	
1998	MN	34070180	13947725	48017905	
1991	MN	28171450	13960660	42132110	
1999	ID	383741	14052907	14436648	
2014	NE	25370547.5	14060743.24	39431290.74	
2013	NH	5668215.37	14110305.08	19778520.45	
2011	MT	15934541.04	14194001.53	30128542.57	
1993	MN	29802959	14237676	44040635	
1994	MD	31072026	14267592	45339618	
1991	ME	3059270	14285513	17344783	
1991	WI	35032842	14323895	49356737	
1995	WI	39487202	14435929	53923131	
1996	MN	29861018	14467421	44328439	
1994	MN	29390260	14507395	43897655	
1992	WI	34368783	14524618	48893401	
2000	WI	44987855	14656562	59644417	
1999	WI	43881656	14657198	58538854	
2010	IA	42749429	14759292	57508721	
2001	WI	43935204	14828227	58763431	
1994	WI	37513337	14845618	52358955	
2001	MN	33643796	14879430	48523226	
1993	MD	30064073	14913815	44977888	
1993	WI	35298177	14940375	50238552	
2002	MD	33208916	15070172	48279088	
1996	OH	129355084	15082130	144437214	
2004	WI	45349157	15095776	60444933	
1997	NJ	26654181	15102080	41756261	
1997	ID	352196	15236814	15589010	
1999	CT	13355975	15240923	28596898	
2014	WI	45821798.58	15242997.1	61064795.68	
2006	WI	46352158	15287685	61639843	
2011	ID	1194181.68	15374604.22	16568785.9	
2003	WI	44668394	15454031	60122425	
1992	LA	57883263	15490861	73374124	
1995	MN	29589172	15581712	45170884	
1999	MD	36103636	15581985	51685621	
2008	WI	47880609	15598946	63479555	
2000	AR	28251936	15623830	43875766	
1991	OH	118294663	15741834	134036497	
1995	MD	30623609	15742034	46365643	
1998	MI	84729498	15747896	100477394	
1992	OH	121848306	15813422	137661728	
1996	MD	30451659	15822958	46274617	
2007	WI	47530414	15860216	63390630	
2001	MD	33161860	15900480	49062340	
1998	MD	34739673	15913344	50653017	
2000	MN	35487886	15935453	51423339	
2005	OH	140911619	16064704	156976323	
1997	MD	30598520	16108876	46707396	
2004	MN	36241242	16122885	52364127	
2002	WI	42306475	16124963	58431438	
1992	AR	23572900	16173201	39746101	
1999	MN	32315544	16203835	48519379	
2013	AR	44070298.56	16252193.58	60322492.14	
2009	OH	119674196	16416029	136090225	
1995	AR	25532440	16439648	41972088	
2000	MD	34692536	16452844	51145380	
2009	WI	43476586	16482474	59959060	
2011	OH	119062966.6	16522837.83	135585804.5	
2011	WI	46763432.51	16525911.26	63289343.77	
2012	MD	21266972.5	16542771.05	37809743.55	
2005	MN	36433421	16585574	53018995	
1997	OH	126198261	16612987	142811248	
2002	MN	36164952	16613013	52777965	
2013	KS	31798563.9	16674017.4	48472581.3	
2003	MN	38373029	16677966	55050995	
2001	OH	125554350	16707457	142261807	
2010	MD	26887622	16719642	43607264	
2002	CT	14433557	16877662	31311219	
2007	OH	138253322	16902223	155155545	
2013	WI	49050727.29	16912064.5	65962791.79	
2011	IA	39361563.03	17010349.62	56371912.65	
2006	MN	36125436	17112353	53237789	
1999	AR	29371368	17182571	46553939	
2006	MD	31758954	17197926	48956880	
2010	OH	126398292	17200045	143598337	
2013	MD	18615611.47	17235200.86	35850812.33	
2014	MD	20572636.82	17261015.6	37833652.42	
2007	MD	32924944	17272980	50197924	
1994	MI	81033688	17273701	98307389	
2004	OH	130936058	17409847	148345905	
2008	CT	12970310	17439163	30409473	
2001	CT	12996945	17493701	30490646	
2009	MD	26260090	17514742	43774832	
2005	CT	16016226	17533521	33549747	
2003	MD	34706911	17537326	52244237	
1991	AR	23037855	17613389	40651244	
1999	OH	124690585	17639846	142330431	
2014	CT	16022266.78	17654713.63	33676980.41	
1995	OH	121684313	17659589	139343902	
2005	MD	34995347	17666253	52661600	
1998	OH	130271597	17668460	147940057	
1996	AR	28296108	17737455	46033563	
1998	AR	27852632	17812669	45665301	
1999	MI	85403103	17836612	103239715	
2011	CT	15879761.81	17865458.8	33745220.61	
2008	MD	29472226	17888727	47360953	
2010	WI	46383849	17930218	64314067	
1995	NJ	27090789	18007869	45098658	
2007	MN	36437449	18040197	54477646	
2007	CT	14979541	18191668	33171209	
2011	MD	23598563.39	18219504.8	41818068.19	
2003	CT	11324579	18220471	29545050	
2006	OH	137133773	18300302	155434075	
2000	OH	130758110	18302170	149060280	
2004	MD	33675601	18377169	52052770	
1994	LA	60995390	18390571	79385961	
2004	CT	14102990	18530418	32633408	
1992	CT	10673662	18537718	29211380	
2006	AR	33626179	18542524	52168703	
2005	AR	29250905	18543604	47794509	
2010	CT	14729003	18620620	33349623	
2006	CT	16044831	18636905	34681736	
2009	CT	12561726	18644496	31206222	
2014	AR	42863736.59	18728400.07	61592136.66	
2008	OH	134616639	18795612	153412251	
2012	CT	17301787.97	18815755.98	36117543.95	
1999	LA	71113284	18828469	89941753	
2001	AR	28350764	18841271	47192035	
2013	CT	16767001.64	18843787.68	35610789.32	
2011	AR	42420751.51	18886784.38	61307535.89	
1997	LA	63869827	18951816	82821643	
1994	AR	23077058	18955090	42032148	
2000	CT	13927157	19040413	32967570	
2012	WI	44618009.5	19124900.39	63742909.89	
2012	IA	37378793.78	19296610.14	56675403.92	
2003	AR	31093933	19307168	50401101	
1997	AR	25883257	19310343	45193600	
2012	AR	45580902.45	19424775.53	65005677.98	
2014	KS	30249686.45	19478676.66	49728363.11	
1993	TX	280194584	19494131	299688715	
1991	LA	55387620	19585073	74972693	
1993	AR	20867916	19630738	40498654	
2013	OH	117643984.1	19640204.57	137284188.7	
2014	OH	114762169.3	19714235.65	134476405	
1993	LA	59254519	19721016	78975535	
2002	AR	27861034	19750611	47611645	
2008	MN	34852716	19910644	54763360	
2012	OH	109535152.9	20210577.7	129745730.6	
2009	MN	32238968	20252881	52491849	
2010	AR	40666701	20333484	61000185	
2012	LA	83015472.09	20392233.72	103407705.8	
2007	AR	34202584	20393652	54596236	
2008	AR	34639352	20411176	55050528	
2008	LA	71749441	20703700	92453141	
1996	LA	56969257	20770639	77739896	
1995	LA	63693435	20866289	84559724	
2004	AR	30961268	20966364	51927632	
1995	CT	10456261	21016207	31472468	
2009	AR	36385133	21072606	57457739	
2000	LA	71694467	21171168	92865635	
2010	MN	32454453	21215774	53670227	
2013	MN	29846018.65	21450968.96	51296987.61	
2011	MN	31647306.09	21472755.4	53120061.49	
1998	LA	68050246	21598365	89648611	
2014	IA	35249209.56	21604072.91	56853282.47	
2013	IA	34873813.06	21796943.86	56670756.92	
1992	MI	73504108	21817831	95321939	
2005	LA	70796353	21820525	92616878	
2011	LA	83657460.53	21833276.43	105490737	
2009	LA	68928109	22065567	90993676	
2001	LA	65790839	22103538	87894377	
1994	CT	9064923	22113994	31178917	
2000	MI	82063526	22146068	104209594	
2012	MN	29840572.66	22353051.52	52193624.18	
1992	NJ	21232489	22431525	43664014	
2006	LA	68200636	22721193	90921829	
2002	LA	71816290	23154674	94970964	
1994	NJ	25220767	23214575	48435342	
2007	LA	69216831	23361498	92578329	
1993	CT	9276734	23607837	32884571	
2003	LA	71261076	23623964	94885040	
2014	LA	80572657.37	23656744.26	104229401.6	
2013	LA	78299085.62	23711091.37	102010177	
1994	TN	54324954	24010003	78334957	
2010	LA	78548672	24336268	102884940	
2004	LA	73730664	24441645	98172309	
1993	VA	36288876	24954634	61243510	
2014	MN	31888848.27	25109481.69	56998329.96	
1997	MI	81590815	25379944	106970759	
1995	TN	60207484	25523351	85730835	
2009	MI	75666483	25536122	101202605	
1991	NJ	17981137	25545329	43526466	
2012	FL	195352058	25744078.02	221096136	
1992	VA	30553589	25798765	56352354	
1992	TN	51932774	25815338	77748112	
1991	VA	28906274	25822820	54729094	
1993	NJ	22486034	25858848	48344882	
2001	VA	47427595	26677155	74104750	
1991	FL	112372253	27044436	139416689	
1995	VA	35529589	27466432	62996021	
1991	TX	258780939	27547769	286328708	
1991	TN	48606258	27586548	76192806	
1995	MI	79630753	27813859	107444612	
2003	VA	47492733	27816687	75309420	
1994	VA	34161985	27886939	62048924	
2011	VA	38716132.94	27954726.13	66670859.07	
2004	NJ	27709532	28172810	55882342	
2002	VA	46261912	28743739	75005651	
1998	NJ	24855925	29001708	53857633	
1991	AL	59613166	29173446	88786612	
1993	AZ	39294186	29174800	68468986	
1996	VA	37689841	29205286	66895127	
2010	VA	43751207	29215249	72966456	
2001	OR	15530241	29521665	45051906	
2001	MI	82186562	29659048	111845610	
1997	VA	38810024	29705310	68515334	
2000	VA	47353187	29836183	77189370	
2007	VA	48421535	29938972	78360507	
1991	MI	76035868	29942256	105978124	
1998	VA	42038564	30160875	72199439	
2011	FL	191635778.6	30258795.51	221894574.1	
2000	NJ	27684640	30400575	58085215	
2008	VA	42241799	30436732	72678531	
1999	VA	43446742	30450869	73897611	
1993	AL	68790243	30546753	99336996	
1992	NC	58970373	30564882	89535255	
2006	VA	42342803	30726734	73069537	
1996	MI	81719517	30798792	112518309	
1999	NJ	25956098	30847323	56803421	
1993	NC	64374659	30939785	95314444	
1994	AZ	40978835	30955661	71934496	
2005	VA	47984304	30958741	78943045	
2006	AZ	73385273	31007255	104392528	
2003	MI	80215920	31131140	111347060	
2012	VA	39582511.91	31156723.03	70739234.94	
2009	VA	38888332	31193734	70082066	
1997	FL	136969910	31277083	168246993	
2003	NJ	26106693	31292658	57399351	
2010	FL	197654181	31441754	229095935	
1993	MI	74740868	31627681	106368549	
2004	VA	47247427	31652613	78900040	
1994	OR	6676650	31764162	38440812	
2001	NJ	27323866	32097394	59421260	
2002	NJ	29405045	32164342	61569387	
1991	AZ	34901535	32301016	67202551	
2005	AZ	69079784	32398870	101478654	
2000	TN	63430451	32408133	95838584	
1992	AL	62751600	32482822	95234422	
1992	FL	111247055	32530088	143777143	
2006	TN	61322344	32588758	93911102	
2005	OR	16735669	32589334	49325003	
2005	NJ	27932047	32617536	60549583	
1992	TX	257662710	32629603	290292313	
1992	AZ	37894368	32658359	70552727	
2013	VA	44124956.32	32771608.74	76896565.06	
2008	TN	57741043	32922269	90663312	
2012	MI	75209932.57	32956145.1	108166077.7	
2006	MI	79592003	32964735	112556738	
2007	NJ	29415773	33255472	62671245	
1993	FL	118620567	33313589	151934156	
2010	MI	78235664	33315707	111551371	
2007	AZ	79793859	33547111	113340970	
2008	NJ	30105558	33569231	63674789	
1996	FL	133475987	33608949	167084936	
2014	NJ	34426223.69	33624862.16	68051085.85	
1991	GA	62384930	33788201	96173131	
2006	NJ	26799818	33900321	60700139	
2007	TN	61191266	33922143	95113409	
2012	TN	43638948.44	34085315.36	77724263.8	
2010	NJ	31555125	34127369	65682494	
2014	VA	42905056.9	34232381.51	77137438.41	
2002	MI	83656411	34232676	117889087	
2004	OR	17143777	34237501	51381278	
2003	OR	14592640	34373499	48966139	
1995	AL	70782556	34406810	105189366	
1996	TN	57689687	34432681	92122368	
2004	MI	84050131	34437138	118487269	
2013	FL	187869389.4	34529534.56	222398924	
1994	FL	123514421	34632425	158146846	
2007	MI	84650108	34659828	119309936	
2012	NJ	30253158.84	35010249.11	65263407.95	
2008	MI	79915011	35074795	114989806	
2011	NJ	29521759.92	35172336.05	64694095.97	
1999	TN	58086819	35233318	93320137	
2010	OR	19781031	35345968	55126999	
1993	GA	66086693	35360878	101447571	
2013	NJ	29259747.19	35491194.52	64750941.71	
2002	OR	11599282	35500087	47099369	
1995	AZ	34227163	35553776	69780939	
1994	TX	271546116	35633408	307179524	
2001	TN	60585599	35636377	96221976	
2002	TN	60444867	35669395	96114262	
1997	TN	61071894	35742179	96814073	
2009	NJ	26003049	35808190	61811239	
2007	OR	19223579	35854215	55077794	
1994	AL	64797093	35967164	100764257	
2014	FL	193965685.8	36050251.53	230015937.3	
2010	TN	46189483	36159142	82348625	
2013	MI	69165325.85	36252474.71	105417800.6	
2003	TN	55954095	36267696	92221791	
2009	FL	181546397	36405911	217952308	
2004	AZ	68116015	36448128	104564143	
2008	GA	99661231	36512164	136173395	
1993	OR	5332127	36577458	41909585	
1992	GA	60770649	36587580	97358229	
1995	FL	130804492	36609880	167414372	
2005	MI	84964427	36655344	121619771	
2001	AZ	53247900	36663372	89911272	
2008	AZ	82714586	36744586	119459172	
2011	TN	44231845.04	36872017.18	81103862.22	
2011	MI	72273092.53	36896414.34	109169506.9	
2005	FL	183311530	36944882	220256412	
2007	FL	188418165	36997895	225416060	
1994	GA	67330982	37025427	104356409	
1992	OR	5240647	37104727	42345374	
2014	TN	42259327.15	37247559.33	79506886.48	
2008	OR	21446274	37272164	58718438	
2005	TN	59813168	37303997	97117165	
2003	AZ	57072727	37323491	94396218	
2009	OR	19338308	37352548	56690856	
1999	GA	79935895	37402850	117338745	
2009	AZ	74508686	37462564	111971250	
2009	TN	42229491	37487398	79716889	
2011	GA	87254232.54	37495108.62	124749341.2	
2006	GA	100298809	37711399	138010208	
2000	GA	85972180	37905233	123877413	
1991	NC	51428880	37946404	89375284	
2007	GA	107164700	37990458	145155158	
1996	GA	66280832	38039209	104320041	
2009	GA	90633619	38064757	128698376	
1997	GA	69322847	38303111	107625958	
2010	AZ	73386183	38364774	111750957	
1996	AZ	33258733	38396085	71654818	
2002	AZ	55577092	38554574	94131666	
2001	FL	152377482	38567862	190945344	
1995	GA	69252104	38626492	107878596	
2012	GA	83631722.5	38674641.35	122306363.9	
2005	GA	97986385	38681507	136667892	
2001	GA	79597593	38719196	118316789	
2000	OR	12970989	38818986	51789975	
1998	FL	150724286	38904710	189628996	
2000	AZ	49918251	39028326	88946577	
2004	TN	58542932	39051610	97594542	
2014	GA	86633721.34	39203502.19	125837223.5	
2006	FL	184513566	39238055	223751621	
1998	TN	58396976	39331481	97728457	
1999	FL	147927513	39335913	187263426	
2004	FL	178694196	39423732	218117928	
2003	FL	173172569	39437442	212610011	
2008	FL	180157277	39479541	219636818	
1998	GA	75742383	39581323	115323706	
2002	GA	86921839	39590376	126512215	
2006	OR	13621090	39719605	53340695	
2010	GA	97823062	39753879	137576941	
2004	GA	87019143	39793572	126812715	
2003	GA	84109539	39967295	124076834	
2013	AZ	73219971.87	40106014.25	113325986.1	
2013	GA	80837651.26	40116083.04	120953734.3	
2000	FL	151687726	40128114	191815840	
1997	NC	75268486	40226203	115494689	
2014	MI	66474011.31	40342979.7	106816991	
2012	AZ	70452587.11	40452406.48	110904993.6	
1998	OR	10658319	40490165	51148484	
1999	AZ	43389965	40503208	83893173	
2002	FL	162771779	40580996	203352775	
2011	AZ	67008241.54	41117115.35	108125356.9	
1995	OR	3910993	41354560	45265553	
2000	AL	82912080	41493260	124405340	
1998	AZ	40554847	41540225	82095072	
2013	OR	18128187.43	41767327.23	59895514.66	
1997	AZ	37028339	41796861	78825200	
1996	NC	70349317	41848424	112197741	
1994	NC	58886866	41941796	100828662	
2013	TN	37633025.76	42018593.67	79651619.43	
2014	AZ	69963751.39	42293436.07	112257187.5	
2001	NC	75147866	42347984	117495850	
2007	AL	101382458	42443813	143826271	
2001	AL	82245345	43099768	125345113	
1996	TX	285793984	43154949	328948933	
2006	AL	97696056	43199385	140895441	
1999	AL	77419585	43237923	120657508	
1999	NC	74084239	43273376	117357615	
1991	OR	4048353	43396536	47444889	
1995	NC	62736304	43558352	106294656	
1998	AL	76145408	43716717	119862125	
2014	OR	15901434.79	44218472.41	60119907.2	
1999	TX	314676591	44268153	358944744	
1995	TX	273303451	44332795	317636246	
2000	NC	77901547	44372809	122274356	
2001	TX	328014305	44565697	372580002	
2002	AL	88257777	44662893	132920670	
2003	TX	334416115	44783570	379199685	
1997	TX	291519706	44799804	336319510	
2008	NC	80312350	44926713	125239063	
1997	AL	74450351	45091981	119542332	
2002	NC	79340638	45127392	124468030	
2007	NC	84935370	45179931	130115301	
1996	AL	76291102	45181809	121472911	
1996	OR	5563858	45447916	51011774	
2000	TX	332220901	45521464	377742365	
2005	AL	92331018	45617563	137948581	
2002	TX	339901615	45726927	385628542	
2006	NC	79133706	46081078	125214784	
1998	TX	309150041	46170123	355320164	
1999	OR	10611113	46237234	56848347	
2004	AL	91103668	46251103	137354771	
2012	NC	70412448.44	46269314.66	116681763.1	
1998	NC	74925134	46453690	121378824	
2012	OR	14264947.8	46667766.72	60932714.52	
1991	SC	25083860	47096147	72180007	
2011	NC	71131203.74	47258651.18	118389854.9	
1997	OR	5130513	47282341	52412854	
1996	SC	31338849	47429703	78768552	
2004	NC	78715678	47614279	126329957	
2005	NC	82113946	47634632	129748578	
2011	OR	11839199.69	47855964.44	59695164.13	
2010	NC	80691824	47986659	128678483	
2009	NC	70231526	48175877	118407403	
2003	AL	89276633	48210589	137487222	
1994	SC	28345559	48596963	76942522	
1997	SC	32229090	48598968	80828058	
2008	AL	97171832	48698063	145869895	
2005	TX	347605976	49062746	396668722	
2010	AL	102485282	49665230	152150512	
2014	NC	78435491.97	49708096.16	128143588.1	
1992	SC	24107231	50063278	74170509	
2003	NC	77140292	50442027	127582319	
1993	SC	27649914	50524921	78174835	
2013	NC	75272289.53	50664003.83	125936293.4	
2004	TX	339368224	50930908	390299132	
2001	SC	38183223	50975764	89158987	
2012	AL	101421503.4	51457184.31	152878687.7	
2011	AL	104608791	51730418.84	156339209.8	
1997	IL	82931793	52208976	135140769	
2000	SC	40586435	52759805	93346240	
1998	SC	34298827	52947734	87246561	
1999	SC	37238058	52995450	90233508	
2006	SC	45777824	53489782	99267606	
1992	NY	72448658	53500266	125948924	
2008	SC	47449150	53528855	100978005	
1995	SC	27284512	53629136	80913648	
2014	AL	95669800.61	53670646.48	149340447.1	
1995	NY	79613709	53799572	133413281	
2012	SC	42836422.67	53919259.21	96755681.88	
2003	SC	39551676	54221001	93772677	
2004	SC	43591369	54348560	97939929	
2006	TX	346050757	54532121	400582878	
2002	SC	41746378	54817120	96563498	
2009	SC	44781189	55344297	100125486	
2010	SC	48789082	55364051	104153133	
2007	SC	47764515	55637627	103402142	
2011	SC	47216449.73	55756117.44	102972567.2	
2009	AL	87445081	55810475	143255556	
2014	SC	40566520.58	56591944.35	97158464.93	
1991	NY	77954533	56645966	134600499	
1998	IL	81741924	56722638	138464562	
2005	SC	45724676	56789989	102514665	
2013	AL	93711000.15	56861923.71	150572923.9	
2007	TX	348119074	57373222	405492296	
1993	NY	66650198	57570833	124221031	
2000	NY	79683469	58395606	138079075	
1994	NY	67550963	58478609	126029572	
2013	SC	36344568.19	58905325.78	95249893.97	
1991	PA	112263626	60499083	172762709	
1997	NY	78928086	61903562	140831648	
1998	NY	82637161	62226087	144863248	
2008	TX	341412439	63375342	404787781	
1999	NY	82669322	63611544	146280866	
1993	PA	117014807	64199325	181214132	
2001	WA	18776962	64271707	83048669	
1992	PA	114480531	64925114	179405645	
2001	NY	78641230	65273329	143914559	
1996	NY	69837765	65894484	135732249	
2002	NY	73224414	66367274	139591688	
1998	PA	124783901	66407617	191191518	
2004	NY	71351947	66612847	137964794	
2003	NY	71029015	66614301	137643316	
2009	TX	329577686	67590224	397167910	
2005	NY	76483124	70404295	146887419	
1995	PA	114908429	70542882	185451311	
2007	NY	75234282	70644405	145878687	
1996	IL	76991606	70741423	147733029	
2012	NY	64593579.78	71174671.29	135768251.1	
1994	PA	111771663	72307038	184078701	
2006	NY	69879757	72385675	142265432	
2010	NY	64503286	72458368	136961654	
1991	IL	57706150	72568195	130274345	
1997	PA	120864515	72598683	193463198	
1994	IL	67974923	73324372	141299295	
2008	NY	66755913	73566187	140322100	
1994	WA	14697333	73889143	88586476	
2010	TX	337763551	73931495	411695046	
1996	PA	117883810	73988813	191872623	
1992	IL	53558081	74488147	128046228	
1992	WA	10957656	75524773	86482429	
1993	WA	12092458	75903318	87995776	
2009	NY	57186776	75963774	133150550	
2014	NY	61108296.57	76013905.57	137122202.1	
1999	PA	118512625	76015420	194528045	
2013	NY	60058864.66	76057965.31	136116830	
2011	NY	61420395.72	76059951.23	137480347	
2011	TX	359373489.3	76103434.28	435476923.6	
2012	TX	353473708.8	76338800.95	429812509.8	
2014	CA	121297500.4	77510121.43	198807621.8	
2001	PA	118499332	78077259	196576591	
2012	CA	121333234.6	78185332.1	199518566.7	
2000	PA	122659788	79028192	201687980	
1993	IL	64351018	79102073	143453091	
2013	TX	354153460.4	79226705.28	433380165.7	
1995	IL	69312712	79345219	148657931	
2013	CA	120414885	79662229.62	200077114.6	
2003	PA	126063746	80285767	206349513	
1991	CA	78608698	80338944	158947642	
2002	PA	123354922	80967956	204322878	
2006	PA	137618088	81193507	218811595	
2001	CA	117220015	81376060	198596075	
2005	PA	136680566	81410559	218091125	
2003	WA	18238992	81855699	100094691	
2007	PA	143374768	82713572	226088340	
2005	WA	19140248	82825602	101965850	
1999	IL	80486541	82923979	163410520	
2012	PA	140493797.6	82925917.83	223419715.5	
2004	WA	18964015	83201037	102165052	
1992	CA	93952836	83202623	177155459	
2004	PA	131131243	83527258	214658501	
2009	PA	135604576	83891568	219496144	
2008	CA	124013728	83970535	207984263	
2014	TX	353172913.7	84456754.15	437629667.9	
2011	PA	142836970.7	84477751.63	227314722.4	
2010	WA	18918644	84554085	103472729	
2009	WA	19502518	84967615	104470133	
1994	CA	101114632	85077359	186191991	
2010	PA	144658245	85094061	229752306	
2008	PA	137251943	85098982	222350925	
2009	CA	117056250	87719882	204776132	
2013	PA	138840983.3	87944647.19	226785630.5	
2014	PA	132809868	88248497.46	221058365.5	
1998	WA	13745597	88412911	102158508	
2002	WA	13453418	89311630	102765048	
2004	CA	104722938	90057417	194780355	
2002	CA	93912919	90297112	184210031	
2007	CA	120332750	90514831	210847581	
2000	WA	17629302	90607578	108236880	
2000	IL	87621415	90874666	178496081	
2007	WA	15881252	91108965	106990217	
1995	WA	10971464	91226122	102197586	
2002	IL	95986765	92067684	188054449	
2008	WA	18606187	92222264	110828451	
2004	IL	98557280	93400498	191957778	
2010	CA	110681823	93443773	204125596	
2001	IL	85662935	93586350	179249285	
2006	WA	13906463	94296692	108203155	
2005	IL	99706631	94413515	194120146	
1991	WA	8436367	94434195	102870562	
2006	IL	97063509	95363449	192426958	
2013	WA	18189097.97	95983818.26	114172916.2	
2003	IL	93004729	96050531	189055260	
2003	CA	96150735	96637807	192788542	
2007	IL	102938108	97322573	200260681	
1997	CA	75426226	97371369	172797595	
2008	IL	101046636	98428542	199475178	
2014	WA	17802284.31	98532078.2	116334362.5	
1999	CA	89532860	98786363	188319223	
2009	IL	94574111	99290246	193864357	
2000	CA	108422374	99660109	208082483	
1993	CA	86375802	100614840	186990642	
2010	IL	99444842	101907030	201351872	
2005	CA	98032921	102259897	200292818	
2011	IL	96053365.57	103446362.5	199499728	
1995	CA	77656865	103806476	181463341	
1999	WA	12451211	104632807	117084018	
2011	WA	10115239.66	105147361.2	115262600.8	
2012	IL	92087134.62	105478228.1	197565362.7	
1996	CA	69775933	105487271	175263204	
1996	WA	12961630	105696502	118658132	
2006	CA	110294632	106504056	216798688	
2012	WA	9227262.17	107608211.4	116835473.6	
2013	IL	94827257.85	108177661.6	203004919.5	
2011	CA	91866584.68	108938257.8	200804842.5	
2014	IL	92834571.48	109309306.5	202143878	
1998	CA	79504134	110096572	189600706	
1997	WA	10180769	111945398	122126167	
